{"cameraMode":{"drawMode":0,"name":"Shaded","section":"Shading Mode"},"sceneLighting":false,"audioPlay":false,"sceneViewState":{"showFog":true,"showMaterialUpdate":true,"showSkybox":false,"showFlares":true,"showImageEffects":true,"showParticleSystems":true,"showVisualEffectGraphs":true,"m_FxEnabled":true},"in2DMode":false,"pivot":{"x":2.4586005210876467,"y":-0.38834524154663088,"z":1.3495404720306397},"rotation":{"x":0.028766028583049775,"y":0.24690546095371247,"z":0.0073335738852620129,"w":-0.9685887694358826},"size":2.6607863903045656,"orthographic":false}