{"cameraMode":{"drawMode":0,"name":"Shaded","section":"Shading Mode"},"sceneLighting":false,"audioPlay":false,"sceneViewState":{"showFog":true,"showMaterialUpdate":true,"showSkybox":false,"showFlares":true,"showImageEffects":true,"showParticleSystems":true,"showVisualEffectGraphs":true,"m_FxEnabled":true},"in2DMode":false,"pivot":{"x":1.5221192836761475,"y":-0.3036259412765503,"z":-0.32906949520111086},"rotation":{"x":-0.0003092917613685131,"y":0.04857795685529709,"z":-0.000014453766198130324,"w":-0.998822033405304},"size":3.860786199569702,"orthographic":false}